mean_fit_time,std_fit_time,mean_score_time,std_score_time,param_max_depth,param_min_samples_leaf,params,split0_test_score,split1_test_score,split2_test_score,split3_test_score,split4_test_score,mean_test_score,std_test_score,rank_test_score
2.1707029342651367,0.27775831644570476,0.06052732467651367,0.01373586399792176,25,20,"{'max_depth': 25, 'min_samples_leaf': 20}",0.5888504766234676,0.5867383735031464,0.5855192123891503,0.5845503710182279,0.5844679135719492,0.5860252694211883,0.0016338353299770129,1
1.954831886291504,0.08347833401624331,0.04682793617248535,0.00667456351647426,,20,"{'max_depth': None, 'min_samples_leaf': 20}",0.587239398994171,0.587185562507026,0.5852916399971372,0.5849425649531631,0.5832175038863311,0.5855753340675658,0.0015101119129709358,2
2.0553569316864015,0.3011094682239492,0.05447063446044922,0.008652931218553596,30,20,"{'max_depth': 30, 'min_samples_leaf': 20}",0.586736026947464,0.587185562507026,0.5852916399971372,0.5846170651061683,0.5832476489406094,0.585415588699681,0.0014303377541068844,3
1.9921756267547608,0.14565528163672264,0.06496400833129883,0.012870522251762797,20,20,"{'max_depth': 20, 'min_samples_leaf': 20}",0.5866975450088124,0.5848154136844782,0.5868551762695216,0.5809325888129804,0.5845306221818873,0.5847662691915361,0.0021376814076059223,4
1.4454284191131592,0.20578770890545722,0.028981542587280272,0.005956089402690135,,50,"{'max_depth': None, 'min_samples_leaf': 50}",0.57974010979168,0.585196111801181,0.5852816808893216,0.5858142500238803,0.5829474018466155,0.5837959108705356,0.00225438497545331,5
1.9688539028167724,0.2949216436306017,0.056240510940551755,0.006521701734997057,30,50,"{'max_depth': 30, 'min_samples_leaf': 50}",0.57974010979168,0.585196111801181,0.5852816808893216,0.5858142500238803,0.5829474018466155,0.5837959108705356,0.00225438497545331,5
1.8976624965667725,0.21402628993894643,0.0603945255279541,0.007282264008451296,25,50,"{'max_depth': 25, 'min_samples_leaf': 50}",0.5797974266182457,0.5850452224712966,0.5851793076132273,0.5858142500238803,0.582283488656215,0.583623939076573,0.002266084055898956,7
1.956334686279297,0.29376173933513916,0.08123941421508789,0.04231248419119631,20,50,"{'max_depth': 20, 'min_samples_leaf': 50}",0.5796249845942195,0.5818073901208444,0.5839407623398739,0.5853827574017085,0.5811267335700054,0.5823765256053304,0.0020465160366993553,8
2.0002389907836915,0.25014125241671425,0.05489230155944824,0.003866696904522201,20,10,"{'max_depth': 20, 'min_samples_leaf': 10}",0.5843188834103907,0.5843925217525793,0.5808384518735326,0.5794200608699475,0.5807681286645524,0.5819476093142004,0.0020302927690228002,9
2.519142818450928,0.0359641268186948,0.06537280082702637,0.009732190958095984,25,10,"{'max_depth': 25, 'min_samples_leaf': 10}",0.5820477472486068,0.5823743152194912,0.5784456284226134,0.5789781586109327,0.579140150033553,0.5801971999070393,0.001663476800487441,10
2.2029781341552734,0.22995790635832947,0.06461372375488281,0.0045275650345805085,30,10,"{'max_depth': 30, 'min_samples_leaf': 10}",0.5817513511794582,0.5823810007536184,0.5777998172290184,0.5790621552557791,0.5766879502975709,0.579536454943089,0.0022069007981753807,11
1.7418202877044677,0.16718131164814654,0.05005226135253906,0.008415959656129828,15,20,"{'max_depth': 15, 'min_samples_leaf': 20}",0.581411570059097,0.5814717102756146,0.5788137457001185,0.5758929314355801,0.5793762485979235,0.5793932412136668,0.002048509570958949,12
2.0170617580413817,0.3040939609812063,0.05639777183532715,0.005611648983989921,,10,"{'max_depth': None, 'min_samples_leaf': 10}",0.5821864925653758,0.5819655749057672,0.5777796383459021,0.5784652243929953,0.5756190794211884,0.5792032019262457,0.0025277581274177705,13
1.9573454856872559,0.12165335691393406,0.052638673782348634,0.009934974016974013,15,10,"{'max_depth': 15, 'min_samples_leaf': 10}",0.5793435313235161,0.5824983148353396,0.5751553567013229,0.5756896385247606,0.5790506896945803,0.5783475062159039,0.002682156759099754,14
1.7931855201721192,0.10178104113207895,0.05324931144714355,0.0101424625680813,15,50,"{'max_depth': 15, 'min_samples_leaf': 50}",0.5756665830123645,0.5807531549394339,0.5745177493961217,0.5762100042696221,0.5768821816445785,0.5768059346524241,0.0021201607743757227,15
1.6111510753631593,0.3721922401374158,0.058137369155883786,0.015475365751501446,10,10,"{'max_depth': 10, 'min_samples_leaf': 10}",0.5533565589375572,0.5461756378180423,0.5331620243139233,0.536726895589042,0.5419372997656495,0.5422716832848429,0.0070986998630635945,16
1.6598987579345703,0.06501388570386353,0.060619544982910153,0.010949524092842174,10,20,"{'max_depth': 10, 'min_samples_leaf': 20}",0.5525980385925701,0.5462035841073904,0.5323823049771015,0.5368662214031134,0.5412377742675879,0.5418575846695527,0.007061499260472486,17
1.5860615730285645,0.2469082864599198,0.05259408950805664,0.009164526493641793,10,50,"{'max_depth': 10, 'min_samples_leaf': 50}",0.5503755334373722,0.5451517512620835,0.5302031253121741,0.537885395166327,0.5369915011505169,0.5401214612656947,0.006980255633714082,18
